Regions,Year-Month,STEO_Sale_COM,STEO_Sale_IND,STEO_Sale_RES,STEO_Sale_All,Year,Month,STEO_Sale_ALL_no_OTH
East North Central,2015-01-01,15841.0,16337.0,19282.0,51522.0,2015,1,51460.0
East South Central,2015-01-01,7564.0,8649.0,12245.0,28458.0,2015,1,28458.0
Middle Atlantic,2015-01-01,13454.0,5952.0,13299.0,33077.0,2015,1,32705.0
Mountain,2015-01-01,7502.0,6789.0,8246.0,22537.0,2015,1,22537.0
New England,2015-01-01,4526.0,1488.0,4774.0,10850.0,2015,1,10788.0
Pacific Contiguous,2015-01-01,13020.0,7037.0,13454.0,33573.0,2015,1,33511.0
Pacific Noncontiguous,2015-01-01,496.0,403.0,434.0,1302.0,2015,1,1333.0
South Atlantic,2015-01-01,25079.0,11377.0,34875.0,71455.0,2015,1,71331.0
West North Central,2015-01-01,8804.0,7471.0,10974.0,27249.0,2015,1,27249.0
West South Central,2015-01-01,15314.0,14105.0,20181.0,49631.0,2015,1,49600.0
East North Central,2015-02-01,14840.0,15792.0,17612.0,48300.0,2015,2,48244.0
East South Central,2015-02-01,7196.0,8064.0,12068.0,27328.0,2015,2,27328.0
Middle Atlantic,2015-02-01,13244.0,5964.0,12628.0,32172.0,2015,2,31836.0
Mountain,2015-02-01,6888.0,6188.0,6216.0,19320.0,2015,2,19292.0
New England,2015-02-01,4424.0,1456.0,4676.0,10612.0,2015,2,10556.0
Pacific Contiguous,2015-02-01,12012.0,6748.0,10808.0,29624.0,2015,2,29568.0
Pacific Noncontiguous,2015-02-01,476.0,392.0,392.0,1232.0,2015,2,1260.0
South Atlantic,2015-02-01,23968.0,11368.0,32480.0,67956.0,2015,2,67816.0
West North Central,2015-02-01,8232.0,7280.0,9744.0,25256.0,2015,2,25256.0
West South Central,2015-02-01,14224.0,13496.0,17192.0,44940.0,2015,2,44912.0
East North Central,2015-03-01,15066.0,16647.0,16027.0,47802.0,2015,3,47740.0
East South Central,2015-03-01,7192.0,8587.0,10602.0,26350.0,2015,3,26381.0
Middle Atlantic,2015-03-01,13330.0,6169.0,12121.0,32023.0,2015,3,31620.0
Mountain,2015-03-01,7378.0,6541.0,6572.0,20522.0,2015,3,20491.0
New England,2015-03-01,4402.0,1457.0,4309.0,10199.0,2015,3,10168.0
Pacific Contiguous,2015-03-01,13206.0,7378.0,11067.0,31744.0,2015,3,31651.0
Pacific Noncontiguous,2015-03-01,496.0,403.0,372.0,1271.0,2015,3,1271.0
South Atlantic,2015-03-01,23715.0,11036.0,30194.0,65038.0,2015,3,64945.0
West North Central,2015-03-01,8153.0,7533.0,8649.0,24335.0,2015,3,24335.0
West South Central,2015-03-01,14849.0,13950.0,17236.0,46035.0,2015,3,46035.0
East North Central,2015-04-01,13710.0,15900.0,11730.0,41400.0,2015,4,41340.0
East South Central,2015-04-01,6960.0,8550.0,7200.0,22710.0,2015,4,22710.0
Middle Atlantic,2015-04-01,12030.0,5910.0,9330.0,27570.0,2015,4,27270.0
Mountain,2015-04-01,7290.0,6750.0,6000.0,20040.0,2015,4,20040.0
New England,2015-04-01,4140.0,1530.0,3570.0,9270.0,2015,4,9240.0
Pacific Contiguous,2015-04-01,13080.0,7800.0,10200.0,31200.0,2015,4,31080.0
Pacific Noncontiguous,2015-04-01,480.0,420.0,360.0,1260.0,2015,4,1260.0
South Atlantic,2015-04-01,23910.0,11790.0,22740.0,58560.0,2015,4,58440.0
West North Central,2015-04-01,7620.0,7470.0,6390.0,21480.0,2015,4,21480.0
West South Central,2015-04-01,14910.0,14370.0,12690.0,41970.0,2015,4,41970.0
East North Central,2015-05-01,15035.0,16926.0,12555.0,44578.0,2015,5,44516.0
East South Central,2015-05-01,7440.0,8773.0,7688.0,23932.0,2015,5,23901.0
Middle Atlantic,2015-05-01,12617.0,5549.0,9114.0,27590.0,2015,5,27280.0
Mountain,2015-05-01,7688.0,7037.0,6417.0,21173.0,2015,5,21142.0
New England,2015-05-01,4061.0,1550.0,3100.0,8773.0,2015,5,8711.0
Pacific Contiguous,2015-05-01,12555.0,7626.0,9486.0,29729.0,2015,5,29667.0
Pacific Noncontiguous,2015-05-01,465.0,403.0,341.0,1240.0,2015,5,1209.0
South Atlantic,2015-05-01,26319.0,12617.0,25916.0,64945.0,2015,5,64852.0
West North Central,2015-05-01,8029.0,7564.0,6448.0,22072.0,2015,5,22041.0
West South Central,2015-05-01,15190.0,14787.0,14074.0,44082.0,2015,5,44051.0
East North Central,2015-06-01,15810.0,16920.0,14700.0,47490.0,2015,6,47430.0
East South Central,2015-06-01,8280.0,8910.0,10140.0,27300.0,2015,6,27330.0
Middle Atlantic,2015-06-01,13380.0,6630.0,10860.0,31170.0,2015,6,30870.0
Mountain,2015-06-01,8490.0,7680.0,9390.0,25530.0,2015,6,25560.0
New England,2015-06-01,4500.0,1650.0,3510.0,9720.0,2015,6,9660.0
Pacific Contiguous,2015-06-01,13980.0,8160.0,10890.0,33090.0,2015,6,33030.0
Pacific Noncontiguous,2015-06-01,480.0,420.0,330.0,1230.0,2015,6,1230.0
South Atlantic,2015-06-01,28260.0,12540.0,32670.0,73590.0,2015,6,73470.0
West North Central,2015-06-01,8730.0,7740.0,8400.0,24900.0,2015,6,24870.0
West South Central,2015-06-01,17370.0,15600.0,19410.0,52380.0,2015,6,52380.0
East North Central,2015-07-01,17112.0,16833.0,18197.0,52204.0,2015,7,52142.0
East South Central,2015-07-01,9052.0,9021.0,12462.0,30535.0,2015,7,30535.0
Middle Atlantic,2015-07-01,14756.0,6541.0,13144.0,34782.0,2015,7,34441.0
Mountain,2015-07-01,8959.0,7843.0,10757.0,27559.0,2015,7,27559.0
New England,2015-07-01,4929.0,1643.0,4340.0,10974.0,2015,7,10912.0
Pacific Contiguous,2015-07-01,14911.0,8556.0,13299.0,36828.0,2015,7,36766.0
Pacific Noncontiguous,2015-07-01,496.0,434.0,372.0,1333.0,2015,7,1302.0
South Atlantic,2015-07-01,29667.0,12493.0,38161.0,80445.0,2015,7,80321.0
West North Central,2015-07-01,9610.0,8091.0,10447.0,28148.0,2015,7,28148.0
West South Central,2015-07-01,18972.0,16275.0,24862.0,60140.0,2015,7,60109.0
East North Central,2015-08-01,16802.0,17143.0,17887.0,51863.0,2015,8,51832.0
East South Central,2015-08-01,9083.0,9052.0,12400.0,30535.0,2015,8,30535.0
Middle Atlantic,2015-08-01,14942.0,6231.0,13702.0,35216.0,2015,8,34875.0
Mountain,2015-08-01,9362.0,7967.0,10881.0,28241.0,2015,8,28210.0
New England,2015-08-01,4991.0,1705.0,4681.0,11408.0,2015,8,11377.0
Pacific Contiguous,2015-08-01,14570.0,8525.0,12772.0,35929.0,2015,8,35867.0
Pacific Noncontiguous,2015-08-01,496.0,465.0,403.0,1395.0,2015,8,1364.0
South Atlantic,2015-08-01,29574.0,12803.0,36301.0,78771.0,2015,8,78678.0
West North Central,2015-08-01,9362.0,8432.0,9703.0,27466.0,2015,8,27497.0
West South Central,2015-08-01,19313.0,16058.0,25823.0,61225.0,2015,8,61194.0
East North Central,2015-09-01,15960.0,16650.0,15180.0,47820.0,2015,9,47790.0
East South Central,2015-09-01,8430.0,8640.0,10260.0,27330.0,2015,9,27330.0
Middle Atlantic,2015-09-01,14370.0,6270.0,12150.0,33090.0,2015,9,32790.0
Mountain,2015-09-01,8520.0,7320.0,8970.0,24780.0,2015,9,24810.0
New England,2015-09-01,4800.0,1620.0,4260.0,10710.0,2015,9,10680.0
Pacific Contiguous,2015-09-01,14820.0,8190.0,12960.0,36060.0,2015,9,35970.0
Pacific Noncontiguous,2015-09-01,510.0,450.0,390.0,1350.0,2015,9,1350.0
South Atlantic,2015-09-01,27540.0,12120.0,30930.0,70680.0,2015,9,70590.0
West North Central,2015-09-01,8970.0,7650.0,8340.0,24960.0,2015,9,24960.0
West South Central,2015-09-01,18330.0,15840.0,21990.0,56190.0,2015,9,56160.0
East North Central,2015-10-01,14725.0,16306.0,11780.0,42842.0,2015,10,42811.0
East South Central,2015-10-01,7409.0,8494.0,7657.0,23560.0,2015,10,23560.0
Middle Atlantic,2015-10-01,12648.0,6076.0,9114.0,28210.0,2015,10,27838.0
Mountain,2015-10-01,7936.0,7037.0,7130.0,22103.0,2015,10,22103.0
New England,2015-10-01,4309.0,1643.0,3286.0,9300.0,2015,10,9238.0
Pacific Contiguous,2015-10-01,14756.0,8060.0,12028.0,34906.0,2015,10,34844.0
Pacific Noncontiguous,2015-10-01,496.0,434.0,403.0,1333.0,2015,10,1333.0
South Atlantic,2015-10-01,25513.0,12059.0,24614.0,62248.0,2015,10,62186.0
West North Central,2015-10-01,8122.0,7564.0,6541.0,22227.0,2015,10,22227.0
West South Central,2015-10-01,16895.0,15562.0,16802.0,49290.0,2015,10,49259.0
East North Central,2015-11-01,13950.0,15390.0,12780.0,42150.0,2015,11,42120.0
East South Central,2015-11-01,6870.0,7890.0,7110.0,21900.0,2015,11,21870.0
Middle Atlantic,2015-11-01,12030.0,5730.0,8700.0,26760.0,2015,11,26460.0
Mountain,2015-11-01,7290.0,6840.0,6360.0,20490.0,2015,11,20490.0
New England,2015-11-01,4020.0,1470.0,3180.0,8730.0,2015,11,8670.0
Pacific Contiguous,2015-11-01,13080.0,7110.0,10980.0,31260.0,2015,11,31170.0
Pacific Noncontiguous,2015-11-01,510.0,420.0,420.0,1350.0,2015,11,1350.0
South Atlantic,2015-11-01,24030.0,11700.0,23700.0,59580.0,2015,11,59430.0
West North Central,2015-11-01,7890.0,7410.0,6810.0,22110.0,2015,11,22110.0
West South Central,2015-11-01,14430.0,14520.0,12630.0,41580.0,2015,11,41580.0
East North Central,2015-12-01,14539.0,15531.0,15407.0,45539.0,2015,12,45477.0
East South Central,2015-12-01,6944.0,7905.0,8494.0,23312.0,2015,12,23343.0
Middle Atlantic,2015-12-01,12617.0,5766.0,10416.0,29109.0,2015,12,28799.0
Mountain,2015-12-01,7595.0,6696.0,8308.0,22599.0,2015,12,22599.0
New England,2015-12-01,4247.0,1488.0,3813.0,9610.0,2015,12,9548.0
Pacific Contiguous,2015-12-01,13702.0,7068.0,13795.0,34627.0,2015,12,34565.0
Pacific Noncontiguous,2015-12-01,496.0,434.0,434.0,1395.0,2015,12,1364.0
South Atlantic,2015-12-01,24118.0,11377.0,26722.0,62279.0,2015,12,62217.0
West North Central,2015-12-01,8215.0,7223.0,9145.0,24583.0,2015,12,24583.0
West South Central,2015-12-01,14322.0,14787.0,15159.0,44299.0,2015,12,44268.0
East North Central,2016-01-01,15500.0,15841.0,18166.0,49569.0,2016,1,49507.0
East South Central,2016-01-01,7409.0,8153.0,11315.0,26877.0,2016,1,26877.0
Middle Atlantic,2016-01-01,13144.0,6014.0,12059.0,31558.0,2016,1,31217.0
Mountain,2016-01-01,7533.0,6634.0,8556.0,22754.0,2016,1,22723.0
New England,2016-01-01,4495.0,1457.0,4309.0,10323.0,2016,1,10261.0
Pacific Contiguous,2016-01-01,12772.0,6572.0,13888.0,33294.0,2016,1,33232.0
Pacific Noncontiguous,2016-01-01,496.0,403.0,434.0,1333.0,2016,1,1333.0
South Atlantic,2016-01-01,25358.0,11346.0,33139.0,69998.0,2016,1,69843.0
West North Central,2016-01-01,8649.0,7192.0,10633.0,26474.0,2016,1,26474.0
West South Central,2016-01-01,15035.0,15190.0,18476.0,48732.0,2016,1,48701.0
East North Central,2016-02-01,14355.0,15776.0,15718.0,45907.0,2016,2,45849.0
East South Central,2016-02-01,7105.0,7975.0,10846.0,25926.0,2016,2,25926.0
Middle Atlantic,2016-02-01,12789.0,5858.0,11368.0,30363.0,2016,2,30015.0
Mountain,2016-02-01,7076.0,6438.0,6844.0,20358.0,2016,2,20358.0
New England,2016-02-01,4176.0,1421.0,4002.0,9628.0,2016,2,9599.0
Pacific Contiguous,2016-02-01,12267.0,6496.0,11484.0,30334.0,2016,2,30247.0
Pacific Noncontiguous,2016-02-01,493.0,406.0,377.0,1247.0,2016,2,1276.0
South Atlantic,2016-02-01,23084.0,10962.0,30363.0,64525.0,2016,2,64409.0
West North Central,2016-02-01,8062.0,7105.0,8961.0,24128.0,2016,2,24128.0
West South Central,2016-02-01,14036.0,14297.0,16008.0,44370.0,2016,2,44341.0
East North Central,2016-03-01,14539.0,16399.0,13671.0,44671.0,2016,3,44609.0
East South Central,2016-03-01,6975.0,8122.0,8370.0,23467.0,2016,3,23467.0
Middle Atlantic,2016-03-01,12648.0,5890.0,10106.0,28954.0,2016,3,28644.0
Mountain,2016-03-01,7378.0,6479.0,6417.0,20274.0,2016,3,20274.0
New England,2016-03-01,4309.0,1457.0,3751.0,9579.0,2016,3,9517.0
Pacific Contiguous,2016-03-01,13175.0,7347.0,11315.0,31930.0,2016,3,31837.0
Pacific Noncontiguous,2016-03-01,496.0,403.0,372.0,1271.0,2016,3,1271.0
South Atlantic,2016-03-01,23808.0,11222.0,25265.0,60419.0,2016,3,60295.0
West North Central,2016-03-01,7967.0,7161.0,7595.0,22723.0,2016,3,22723.0
West South Central,2016-03-01,14415.0,14725.0,13361.0,42532.0,2016,3,42501.0
East North Central,2016-04-01,13860.0,15660.0,12030.0,41580.0,2016,4,41550.0
East South Central,2016-04-01,6840.0,8190.0,7020.0,22020.0,2016,4,22050.0
Middle Atlantic,2016-04-01,11700.0,5730.0,8730.0,26430.0,2016,4,26160.0
Mountain,2016-04-01,7170.0,6600.0,6030.0,19830.0,2016,4,19800.0
New England,2016-04-01,4020.0,1440.0,3330.0,8850.0,2016,4,8790.0
Pacific Contiguous,2016-04-01,12570.0,7080.0,9720.0,29430.0,2016,4,29370.0
Pacific Noncontiguous,2016-04-01,480.0,420.0,360.0,1230.0,2016,4,1260.0
South Atlantic,2016-04-01,23400.0,11610.0,22140.0,57270.0,2016,4,57150.0
West North Central,2016-04-01,7560.0,6960.0,6390.0,20940.0,2016,4,20910.0
West South Central,2016-04-01,14430.0,14940.0,12540.0,41940.0,2016,4,41910.0
East North Central,2016-05-01,14694.0,16399.0,12369.0,43524.0,2016,5,43462.0
East South Central,2016-05-01,7347.0,8525.0,7533.0,23374.0,2016,5,23405.0
Middle Atlantic,2016-05-01,12245.0,5859.0,8680.0,27094.0,2016,5,26784.0
Mountain,2016-05-01,7719.0,6975.0,6789.0,21452.0,2016,5,21483.0
New England,2016-05-01,3999.0,1488.0,3069.0,8587.0,2016,5,8556.0
Pacific Contiguous,2016-05-01,12803.0,7316.0,9517.0,29667.0,2016,5,29636.0
Pacific Noncontiguous,2016-05-01,496.0,434.0,341.0,1240.0,2016,5,1271.0
South Atlantic,2016-05-01,25575.0,12090.0,25110.0,62868.0,2016,5,62775.0
West North Central,2016-05-01,8060.0,7378.0,6417.0,21824.0,2016,5,21855.0
West South Central,2016-05-01,15531.0,15066.0,14446.0,45074.0,2016,5,45043.0
East North Central,2016-06-01,16260.0,16470.0,16410.0,49200.0,2016,6,49140.0
East South Central,2016-06-01,8310.0,8550.0,10320.0,27180.0,2016,6,27180.0
Middle Atlantic,2016-06-01,13380.0,6090.0,10830.0,30630.0,2016,6,30300.0
Mountain,2016-06-01,8700.0,7590.0,10080.0,26370.0,2016,6,26370.0
New England,2016-06-01,4530.0,1530.0,3570.0,9660.0,2016,6,9630.0
Pacific Contiguous,2016-06-01,13830.0,7920.0,11160.0,33000.0,2016,6,32910.0
Pacific Noncontiguous,2016-06-01,480.0,420.0,360.0,1230.0,2016,6,1260.0
South Atlantic,2016-06-01,28020.0,11910.0,32910.0,72930.0,2016,6,72840.0
West North Central,2016-06-01,9090.0,7620.0,9390.0,26100.0,2016,6,26100.0
West South Central,2016-06-01,17760.0,15630.0,20220.0,53580.0,2016,6,53610.0
East North Central,2016-07-01,17484.0,17329.0,20367.0,55242.0,2016,7,55180.0
East South Central,2016-07-01,9176.0,8680.0,12958.0,30814.0,2016,7,30814.0
Middle Atlantic,2016-07-01,14973.0,6355.0,14384.0,36053.0,2016,7,35712.0
Mountain,2016-07-01,9393.0,8029.0,11656.0,29109.0,2016,7,29078.0
New England,2016-07-01,4867.0,1581.0,4557.0,11036.0,2016,7,11005.0
Pacific Contiguous,2016-07-01,13950.0,8246.0,12679.0,34937.0,2016,7,34875.0
Pacific Noncontiguous,2016-07-01,496.0,434.0,372.0,1302.0,2016,7,1302.0
South Atlantic,2016-07-01,30845.0,12369.0,40393.0,83731.0,2016,7,83607.0
West North Central,2016-07-01,9672.0,7967.0,10850.0,28520.0,2016,7,28489.0
West South Central,2016-07-01,19158.0,16089.0,26164.0,61442.0,2016,7,61411.0
East North Central,2016-08-01,18383.0,17763.0,21080.0,57288.0,2016,8,57226.0
East South Central,2016-08-01,9486.0,8990.0,13113.0,31589.0,2016,8,31589.0
Middle Atlantic,2016-08-01,15593.0,6417.0,15469.0,37789.0,2016,8,37479.0
Mountain,2016-08-01,9176.0,7781.0,11005.0,28024.0,2016,8,27962.0
New England,2016-08-01,5177.0,1674.0,5146.0,12059.0,2016,8,11997.0
Pacific Contiguous,2016-08-01,15686.0,8649.0,14198.0,38564.0,2016,8,38533.0
Pacific Noncontiguous,2016-08-01,496.0,465.0,403.0,1364.0,2016,8,1364.0
South Atlantic,2016-08-01,31062.0,12741.0,39556.0,83483.0,2016,8,83359.0
West North Central,2016-08-01,9920.0,8277.0,10602.0,28799.0,2016,8,28799.0
West South Central,2016-08-01,20026.0,16337.0,25854.0,62248.0,2016,8,62217.0
East North Central,2016-09-01,16230.0,16380.0,15690.0,48390.0,2016,9,48300.0
East South Central,2016-09-01,8970.0,8430.0,11640.0,29040.0,2016,9,29040.0
Middle Atlantic,2016-09-01,14490.0,6210.0,12660.0,33720.0,2016,9,33360.0
Mountain,2016-09-01,8250.0,7020.0,8310.0,23610.0,2016,9,23580.0
New England,2016-09-01,4740.0,1560.0,4320.0,10650.0,2016,9,10620.0
Pacific Contiguous,2016-09-01,14310.0,8160.0,11880.0,34410.0,2016,9,34350.0
Pacific Noncontiguous,2016-09-01,480.0,420.0,360.0,1290.0,2016,9,1260.0
South Atlantic,2016-09-01,28290.0,11670.0,33630.0,73710.0,2016,9,73590.0
West North Central,2016-09-01,8820.0,7680.0,8340.0,24840.0,2016,9,24840.0
West South Central,2016-09-01,18900.0,15690.0,22530.0,57120.0,2016,9,57120.0
East North Central,2016-10-01,15035.0,16027.0,12183.0,43307.0,2016,10,43245.0
East South Central,2016-10-01,7812.0,8432.0,8463.0,24707.0,2016,10,24707.0
Middle Atlantic,2016-10-01,12741.0,6014.0,9145.0,28210.0,2016,10,27900.0
Mountain,2016-10-01,8060.0,6913.0,6820.0,21793.0,2016,10,21793.0
New England,2016-10-01,4247.0,1488.0,3224.0,8959.0,2016,10,8959.0
Pacific Contiguous,2016-10-01,13609.0,7502.0,10943.0,32147.0,2016,10,32054.0
Pacific Noncontiguous,2016-10-01,496.0,465.0,403.0,1333.0,2016,10,1364.0
South Atlantic,2016-10-01,25420.0,11625.0,25668.0,62806.0,2016,10,62713.0
West North Central,2016-10-01,8339.0,7440.0,6789.0,22568.0,2016,10,22568.0
West South Central,2016-10-01,17174.0,15717.0,17887.0,50809.0,2016,10,50778.0
East North Central,2016-11-01,14010.0,15480.0,12600.0,42150.0,2016,11,42090.0
East South Central,2016-11-01,7050.0,8160.0,7320.0,22560.0,2016,11,22530.0
Middle Atlantic,2016-11-01,12120.0,5700.0,9000.0,27150.0,2016,11,26820.0
Mountain,2016-11-01,7290.0,6390.0,6330.0,20040.0,2016,11,20010.0
New England,2016-11-01,3960.0,1440.0,3240.0,8700.0,2016,11,8640.0
Pacific Contiguous,2016-11-01,13050.0,7110.0,10470.0,30660.0,2016,11,30630.0
Pacific Noncontiguous,2016-11-01,480.0,420.0,390.0,1290.0,2016,11,1290.0
South Atlantic,2016-11-01,23880.0,11310.0,23580.0,58890.0,2016,11,58770.0
West North Central,2016-11-01,7890.0,7470.0,6720.0,22110.0,2016,11,22080.0
West South Central,2016-11-01,15270.0,14880.0,13620.0,43800.0,2016,11,43770.0
East North Central,2016-12-01,15376.0,15748.0,17608.0,48794.0,2016,12,48732.0
East South Central,2016-12-01,7099.0,8184.0,9765.0,25048.0,2016,12,25048.0
Middle Atlantic,2016-12-01,12834.0,6014.0,11377.0,30566.0,2016,12,30225.0
Mountain,2016-12-01,7750.0,6572.0,8184.0,22537.0,2016,12,22506.0
New England,2016-12-01,4247.0,1457.0,4061.0,9827.0,2016,12,9765.0
Pacific Contiguous,2016-12-01,13764.0,6944.0,13888.0,34658.0,2016,12,34596.0
Pacific Noncontiguous,2016-12-01,496.0,434.0,465.0,1395.0,2016,12,1395.0
South Atlantic,2016-12-01,24800.0,10974.0,29698.0,65565.0,2016,12,65472.0
West North Central,2016-12-01,8711.0,7316.0,10199.0,26226.0,2016,12,26226.0
West South Central,2016-12-01,15097.0,14942.0,16089.0,46128.0,2016,12,46128.0
East North Central,2017-01-01,15376.0,15686.0,17732.0,48825.0,2017,1,48794.0
East South Central,2017-01-01,7192.0,8401.0,10695.0,26288.0,2017,1,26288.0
Middle Atlantic,2017-01-01,13268.0,5890.0,12276.0,31806.0,2017,1,31434.0
Mountain,2017-01-01,7657.0,6510.0,8587.0,22754.0,2017,1,22754.0
New England,2017-01-01,4464.0,1364.0,4402.0,10292.0,2017,1,10230.0
Pacific Contiguous,2017-01-01,13330.0,6634.0,15221.0,35247.0,2017,1,35185.0
Pacific Noncontiguous,2017-01-01,496.0,403.0,465.0,1364.0,2017,1,1364.0
South Atlantic,2017-01-01,24056.0,11005.0,30814.0,65999.0,2017,1,65875.0
West North Central,2017-01-01,8680.0,7316.0,10757.0,26784.0,2017,1,26753.0
West South Central,2017-01-01,14973.0,15562.0,18259.0,48825.0,2017,1,48794.0
East North Central,2017-02-01,13692.0,14756.0,13664.0,42168.0,2017,2,42112.0
East South Central,2017-02-01,6552.0,7868.0,8400.0,22820.0,2017,2,22820.0
Middle Atlantic,2017-02-01,12516.0,5824.0,10304.0,29008.0,2017,2,28644.0
Mountain,2017-02-01,7000.0,6048.0,6664.0,19684.0,2017,2,19712.0
New England,2017-02-01,3976.0,1288.0,3752.0,9072.0,2017,2,9016.0
Pacific Contiguous,2017-02-01,12152.0,6356.0,11900.0,30492.0,2017,2,30408.0
Pacific Noncontiguous,2017-02-01,476.0,392.0,392.0,1232.0,2017,2,1260.0
South Atlantic,2017-02-01,22204.0,10500.0,24220.0,57008.0,2017,2,56924.0
West North Central,2017-02-01,7672.0,7028.0,8064.0,22764.0,2017,2,22764.0
West South Central,2017-02-01,13384.0,14504.0,13636.0,41524.0,2017,2,41524.0
East North Central,2017-03-01,14911.0,16213.0,14260.0,45415.0,2017,3,45384.0
East South Central,2017-03-01,6820.0,8525.0,8091.0,23436.0,2017,3,23436.0
Middle Atlantic,2017-03-01,12431.0,5921.0,10664.0,29326.0,2017,3,29016.0
Mountain,2017-03-01,7533.0,6510.0,6696.0,20770.0,2017,3,20739.0
New England,2017-03-01,4340.0,1395.0,3906.0,9703.0,2017,3,9641.0
Pacific Contiguous,2017-03-01,13268.0,6789.0,11997.0,32116.0,2017,3,32054.0
Pacific Noncontiguous,2017-03-01,496.0,434.0,403.0,1333.0,2017,3,1333.0
South Atlantic,2017-03-01,24459.0,11687.0,25575.0,61845.0,2017,3,61721.0
West North Central,2017-03-01,8153.0,7626.0,7874.0,23653.0,2017,3,23653.0
West South Central,2017-03-01,14787.0,15438.0,13609.0,43865.0,2017,3,43834.0
East North Central,2017-04-01,13500.0,15360.0,11580.0,40500.0,2017,4,40440.0
East South Central,2017-04-01,6900.0,8340.0,7380.0,22620.0,2017,4,22620.0
Middle Atlantic,2017-04-01,11790.0,5970.0,8790.0,26850.0,2017,4,26550.0
Mountain,2017-04-01,7350.0,6450.0,6300.0,20100.0,2017,4,20100.0
New England,2017-04-01,4020.0,1320.0,3420.0,8790.0,2017,4,8760.0
Pacific Contiguous,2017-04-01,12750.0,6870.0,9810.0,29490.0,2017,4,29430.0
Pacific Noncontiguous,2017-04-01,480.0,420.0,360.0,1260.0,2017,4,1260.0
South Atlantic,2017-04-01,23910.0,11460.0,23250.0,58740.0,2017,4,58620.0
West North Central,2017-04-01,7680.0,7410.0,6540.0,21630.0,2017,4,21630.0
West South Central,2017-04-01,14250.0,15300.0,13290.0,42870.0,2017,4,42840.0
East North Central,2017-05-01,14663.0,16213.0,12121.0,43059.0,2017,5,42997.0
East South Central,2017-05-01,7409.0,8804.0,7812.0,24025.0,2017,5,24025.0
Middle Atlantic,2017-05-01,11935.0,5952.0,8525.0,26722.0,2017,5,26412.0
Mountain,2017-05-01,7936.0,6975.0,7254.0,22196.0,2017,5,22165.0
New England,2017-05-01,4030.0,1364.0,3131.0,8587.0,2017,5,8525.0
Pacific Contiguous,2017-05-01,13144.0,7099.0,10540.0,30814.0,2017,5,30783.0
Pacific Noncontiguous,2017-05-01,465.0,434.0,372.0,1240.0,2017,5,1271.0
South Atlantic,2017-05-01,25947.0,12338.0,26474.0,64852.0,2017,5,64759.0
West North Central,2017-05-01,8060.0,7781.0,6665.0,22506.0,2017,5,22506.0
West South Central,2017-05-01,16275.0,16151.0,15438.0,47864.0,2017,5,47864.0
East North Central,2017-06-01,16050.0,16470.0,15870.0,48420.0,2017,6,48390.0
East South Central,2017-06-01,7980.0,8700.0,9690.0,26340.0,2017,6,26370.0
Middle Atlantic,2017-06-01,13200.0,6120.0,10710.0,30360.0,2017,6,30030.0
Mountain,2017-06-01,8910.0,7470.0,9930.0,26310.0,2017,6,26310.0
New England,2017-06-01,4500.0,1440.0,3690.0,9660.0,2017,6,9630.0
Pacific Contiguous,2017-06-01,14490.0,7860.0,11580.0,34020.0,2017,6,33930.0
Pacific Noncontiguous,2017-06-01,450.0,420.0,360.0,1230.0,2017,6,1230.0
South Atlantic,2017-06-01,27780.0,11970.0,31620.0,71460.0,2017,6,71370.0
West North Central,2017-06-01,8880.0,8040.0,8730.0,25650.0,2017,6,25650.0
West South Central,2017-06-01,17760.0,16920.0,20400.0,55110.0,2017,6,55080.0
East North Central,2017-07-01,17174.0,16864.0,19220.0,53320.0,2017,7,53258.0
East South Central,2017-07-01,8804.0,8959.0,12059.0,29853.0,2017,7,29822.0
Middle Atlantic,2017-07-01,14787.0,6417.0,13764.0,35247.0,2017,7,34968.0
Mountain,2017-07-01,9610.0,7843.0,12059.0,29543.0,2017,7,29512.0
New England,2017-07-01,4867.0,1519.0,4526.0,10974.0,2017,7,10912.0
Pacific Contiguous,2017-07-01,14818.0,8060.0,14074.0,37014.0,2017,7,36952.0
Pacific Noncontiguous,2017-07-01,496.0,434.0,372.0,1302.0,2017,7,1302.0
South Atlantic,2017-07-01,30008.0,12276.0,38223.0,80631.0,2017,7,80507.0
West North Central,2017-07-01,9858.0,8556.0,10881.0,29295.0,2017,7,29295.0
West South Central,2017-07-01,18848.0,16895.0,24676.0,60419.0,2017,7,60419.0
East North Central,2017-08-01,16523.0,17143.0,16771.0,50499.0,2017,8,50437.0
East South Central,2017-08-01,8897.0,9176.0,11842.0,29915.0,2017,8,29915.0
Middle Atlantic,2017-08-01,14415.0,6572.0,12865.0,34162.0,2017,8,33852.0
Mountain,2017-08-01,9548.0,7719.0,11036.0,28303.0,2017,8,28303.0
New England,2017-08-01,4867.0,1488.0,4340.0,10757.0,2017,8,10695.0
Pacific Contiguous,2017-08-01,15500.0,8463.0,14508.0,38533.0,2017,8,38471.0
Pacific Noncontiguous,2017-08-01,496.0,465.0,403.0,1333.0,2017,8,1364.0
South Atlantic,2017-08-01,29822.0,12648.0,36456.0,79019.0,2017,8,78926.0
West North Central,2017-08-01,9269.0,8339.0,9052.0,26660.0,2017,8,26660.0
West South Central,2017-08-01,19158.0,17143.0,24769.0,61070.0,2017,8,61070.0
East North Central,2017-09-01,15630.0,16350.0,14310.0,46350.0,2017,9,46290.0
East South Central,2017-09-01,8040.0,8520.0,9660.0,26190.0,2017,9,26220.0
Middle Atlantic,2017-09-01,13530.0,6180.0,10530.0,30570.0,2017,9,30240.0
Mountain,2017-09-01,8580.0,7200.0,8700.0,24480.0,2017,9,24480.0
New England,2017-09-01,4470.0,1470.0,3600.0,9570.0,2017,9,9540.0
Pacific Contiguous,2017-09-01,14370.0,7680.0,12720.0,34860.0,2017,9,34770.0
Pacific Noncontiguous,2017-09-01,480.0,450.0,360.0,1290.0,2017,9,1290.0
South Atlantic,2017-09-01,26940.0,11580.0,30120.0,68730.0,2017,9,68640.0
West North Central,2017-09-01,8790.0,7950.0,7950.0,24660.0,2017,9,24690.0
West South Central,2017-09-01,18000.0,16170.0,20850.0,55050.0,2017,9,55020.0
East North Central,2017-10-01,15004.0,16089.0,12338.0,43462.0,2017,10,43431.0
East South Central,2017-10-01,7595.0,8370.0,8308.0,24273.0,2017,10,24273.0
Middle Atlantic,2017-10-01,12834.0,6107.0,9238.0,28520.0,2017,10,28179.0
Mountain,2017-10-01,7967.0,6665.0,6975.0,21607.0,2017,10,21607.0
New England,2017-10-01,4185.0,1457.0,3193.0,8897.0,2017,10,8835.0
Pacific Contiguous,2017-10-01,13981.0,7502.0,10509.0,32085.0,2017,10,31992.0
Pacific Noncontiguous,2017-10-01,496.0,434.0,403.0,1333.0,2017,10,1333.0
South Atlantic,2017-10-01,25730.0,11966.0,27063.0,64883.0,2017,10,64759.0
West North Central,2017-10-01,8246.0,7781.0,6913.0,22940.0,2017,10,22940.0
West South Central,2017-10-01,17267.0,16399.0,17887.0,51584.0,2017,10,51553.0
East North Central,2017-11-01,14220.0,15420.0,13740.0,43440.0,2017,11,43380.0
East South Central,2017-11-01,6870.0,8220.0,7770.0,22830.0,2017,11,22860.0
Middle Atlantic,2017-11-01,12210.0,6060.0,9180.0,27750.0,2017,11,27450.0
Mountain,2017-11-01,7350.0,6330.0,6420.0,20100.0,2017,11,20100.0
New England,2017-11-01,4140.0,1350.0,3450.0,8970.0,2017,11,8940.0
Pacific Contiguous,2017-11-01,12870.0,6810.0,11310.0,31050.0,2017,11,30990.0
Pacific Noncontiguous,2017-11-01,480.0,420.0,390.0,1290.0,2017,11,1290.0
South Atlantic,2017-11-01,24150.0,11460.0,24960.0,60660.0,2017,11,60570.0
West North Central,2017-11-01,7980.0,7650.0,7440.0,23070.0,2017,11,23070.0
West South Central,2017-11-01,14730.0,15750.0,13680.0,44160.0,2017,11,44160.0
East North Central,2017-12-01,15035.0,15562.0,17670.0,48329.0,2017,12,48267.0
East South Central,2017-12-01,6975.0,8246.0,10137.0,25358.0,2017,12,25358.0
Middle Atlantic,2017-12-01,12989.0,6045.0,11718.0,31093.0,2017,12,30752.0
Mountain,2017-12-01,7688.0,6572.0,7874.0,22165.0,2017,12,22134.0
New England,2017-12-01,4371.0,1364.0,4402.0,10199.0,2017,12,10137.0
Pacific Contiguous,2017-12-01,13423.0,6727.0,13268.0,33480.0,2017,12,33418.0
Pacific Noncontiguous,2017-12-01,465.0,403.0,434.0,1302.0,2017,12,1302.0
South Atlantic,2017-12-01,24738.0,11470.0,30597.0,66929.0,2017,12,66805.0
West North Central,2017-12-01,8649.0,7657.0,9734.0,26040.0,2017,12,26040.0
West South Central,2017-12-01,14942.0,16213.0,16151.0,47337.0,2017,12,47306.0
East North Central,2018-01-01,16027.0,14973.0,19592.0,50654.0,2018,1,50592.0
East South Central,2018-01-01,7874.0,7812.0,14384.0,30070.0,2018,1,30070.0
Middle Atlantic,2018-01-01,13671.0,5921.0,13733.0,33790.0,2018,1,33325.0
Mountain,2018-01-01,7626.0,6479.0,7905.0,21979.0,2018,1,22010.0
New England,2018-01-01,4557.0,1271.0,5022.0,10943.0,2018,1,10850.0
Pacific Contiguous,2018-01-01,13144.0,6634.0,13609.0,33418.0,2018,1,33387.0
Pacific Noncontiguous,2018-01-01,496.0,403.0,434.0,1333.0,2018,1,1333.0
South Atlantic,2018-01-01,25761.0,11067.0,39494.0,76446.0,2018,1,76322.0
West North Central,2018-01-01,8928.0,7037.0,11563.0,27559.0,2018,1,27528.0
West South Central,2018-01-01,16554.0,14446.0,23219.0,54250.0,2018,1,54219.0
East North Central,2018-02-01,14056.0,14392.0,15372.0,43876.0,2018,2,43820.0
East South Central,2018-02-01,6972.0,7308.0,10360.0,24668.0,2018,2,24640.0
Middle Atlantic,2018-02-01,12572.0,5908.0,10920.0,29708.0,2018,2,29400.0
Mountain,2018-02-01,7112.0,5908.0,6804.0,19852.0,2018,2,19824.0
New England,2018-02-01,4060.0,1232.0,3780.0,9128.0,2018,2,9072.0
Pacific Contiguous,2018-02-01,12180.0,6244.0,11312.0,29764.0,2018,2,29736.0
Pacific Noncontiguous,2018-02-01,476.0,364.0,392.0,1232.0,2018,2,1232.0
South Atlantic,2018-02-01,22540.0,10276.0,27496.0,60424.0,2018,2,60312.0
West North Central,2018-02-01,8148.0,6748.0,9352.0,24248.0,2018,2,24248.0
West South Central,2018-02-01,13944.0,13552.0,17556.0,45080.0,2018,2,45052.0
East North Central,2018-03-01,14818.0,15531.0,14725.0,45136.0,2018,3,45074.0
East South Central,2018-03-01,6882.0,8029.0,8370.0,23281.0,2018,3,23281.0
Middle Atlantic,2018-03-01,12586.0,5828.0,10757.0,29512.0,2018,3,29171.0
Mountain,2018-03-01,7626.0,6386.0,6820.0,20832.0,2018,3,20832.0
New England,2018-03-01,4092.0,1271.0,3782.0,9207.0,2018,3,9145.0
Pacific Contiguous,2018-03-01,13795.0,6603.0,13082.0,33542.0,2018,3,33480.0
Pacific Noncontiguous,2018-03-01,465.0,403.0,403.0,1271.0,2018,3,1271.0
South Atlantic,2018-03-01,24676.0,11625.0,26598.0,62961.0,2018,3,62899.0
West North Central,2018-03-01,8339.0,7130.0,8463.0,23901.0,2018,3,23932.0
West South Central,2018-03-01,14601.0,14012.0,13950.0,42594.0,2018,3,42563.0
East North Central,2018-04-01,13860.0,14700.0,13140.0,41730.0,2018,4,41700.0
East South Central,2018-04-01,6750.0,7710.0,7710.0,22170.0,2018,4,22170.0
Middle Atlantic,2018-04-01,11940.0,5850.0,9540.0,27630.0,2018,4,27330.0
Mountain,2018-04-01,7530.0,6450.0,6570.0,20580.0,2018,4,20550.0
New England,2018-04-01,3930.0,1260.0,3420.0,8610.0,2018,4,8610.0
Pacific Contiguous,2018-04-01,12750.0,6420.0,9990.0,29220.0,2018,4,29160.0
Pacific Noncontiguous,2018-04-01,480.0,390.0,390.0,1230.0,2018,4,1260.0
South Atlantic,2018-04-01,23280.0,11040.0,23880.0,58290.0,2018,4,58200.0
West North Central,2018-04-01,7890.0,6990.0,7410.0,22320.0,2018,4,22290.0
West South Central,2018-04-01,14550.0,14460.0,13080.0,42090.0,2018,4,42090.0
East North Central,2018-05-01,15531.0,16182.0,13795.0,45570.0,2018,5,45508.0
East South Central,2018-05-01,7688.0,8060.0,8494.0,24242.0,2018,5,24242.0
Middle Atlantic,2018-05-01,12245.0,6014.0,9083.0,27652.0,2018,5,27342.0
Mountain,2018-05-01,8184.0,7006.0,7533.0,22723.0,2018,5,22723.0
New England,2018-05-01,4061.0,1395.0,3162.0,8649.0,2018,5,8618.0
Pacific Contiguous,2018-05-01,12493.0,7068.0,10354.0,29946.0,2018,5,29915.0
Pacific Noncontiguous,2018-05-01,465.0,403.0,372.0,1240.0,2018,5,1240.0
South Atlantic,2018-05-01,26660.0,12307.0,26474.0,65534.0,2018,5,65441.0
West North Central,2018-05-01,8618.0,7502.0,7688.0,23808.0,2018,5,23808.0
West South Central,2018-05-01,16647.0,15562.0,16430.0,48639.0,2018,5,48639.0
East North Central,2018-06-01,16200.0,16200.0,16740.0,49200.0,2018,6,49140.0
East South Central,2018-06-01,8580.0,7980.0,11130.0,27720.0,2018,6,27690.0
Middle Atlantic,2018-06-01,13230.0,5850.0,10770.0,30150.0,2018,6,29850.0
Mountain,2018-06-01,8820.0,7350.0,9810.0,26010.0,2018,6,25980.0
New England,2018-06-01,4380.0,1320.0,3540.0,9270.0,2018,6,9240.0
Pacific Contiguous,2018-06-01,13380.0,7530.0,10470.0,31440.0,2018,6,31380.0
Pacific Noncontiguous,2018-06-01,450.0,420.0,360.0,1230.0,2018,6,1230.0
South Atlantic,2018-06-01,28500.0,11970.0,33330.0,73920.0,2018,6,73800.0
West North Central,2018-06-01,9180.0,7470.0,9810.0,26490.0,2018,6,26460.0
West South Central,2018-06-01,18810.0,15480.0,23460.0,57780.0,2018,6,57750.0
East North Central,2018-07-01,17453.0,16182.0,20305.0,53971.0,2018,7,53940.0
East South Central,2018-07-01,9145.0,8277.0,12741.0,30163.0,2018,7,30163.0
Middle Atlantic,2018-07-01,14787.0,6448.0,14260.0,35805.0,2018,7,35495.0
Mountain,2018-07-01,9765.0,7998.0,12152.0,29946.0,2018,7,29915.0
New England,2018-07-01,4960.0,1395.0,4929.0,11315.0,2018,7,11284.0
Pacific Contiguous,2018-07-01,14787.0,7998.0,13795.0,36642.0,2018,7,36580.0
Pacific Noncontiguous,2018-07-01,496.0,434.0,372.0,1302.0,2018,7,1302.0
South Atlantic,2018-07-01,29946.0,12524.0,37789.0,80383.0,2018,7,80259.0
West North Central,2018-07-01,9734.0,7905.0,10757.0,28427.0,2018,7,28396.0
West South Central,2018-07-01,19871.0,15872.0,25947.0,61690.0,2018,7,61690.0
East North Central,2018-08-01,17856.0,17174.0,19499.0,54560.0,2018,8,54529.0
East South Central,2018-08-01,9238.0,9920.0,12338.0,31496.0,2018,8,31496.0
Middle Atlantic,2018-08-01,15190.0,6727.0,14632.0,36890.0,2018,8,36549.0
Mountain,2018-08-01,9827.0,7874.0,11656.0,29388.0,2018,8,29357.0
New England,2018-08-01,5177.0,1550.0,5053.0,11873.0,2018,8,11780.0
Pacific Contiguous,2018-08-01,16275.0,8494.0,16244.0,41075.0,2018,8,41013.0
Pacific Noncontiguous,2018-08-01,496.0,434.0,403.0,1333.0,2018,8,1333.0
South Atlantic,2018-08-01,30380.0,12710.0,37107.0,80321.0,2018,8,80197.0
West North Central,2018-08-01,9858.0,8215.0,10230.0,28334.0,2018,8,28303.0
West South Central,2018-08-01,20150.0,16492.0,25792.0,62465.0,2018,8,62434.0
East North Central,2018-09-01,15840.0,15420.0,15720.0,47040.0,2018,9,46980.0
East South Central,2018-09-01,8820.0,8160.0,11400.0,28350.0,2018,9,28380.0
Middle Atlantic,2018-09-01,14130.0,6510.0,12720.0,33690.0,2018,9,33360.0
Mountain,2018-09-01,8820.0,7230.0,9330.0,25380.0,2018,9,25380.0
New England,2018-09-01,4500.0,1350.0,4080.0,9990.0,2018,9,9930.0
Pacific Contiguous,2018-09-01,12360.0,7260.0,10350.0,30060.0,2018,9,29970.0
Pacific Noncontiguous,2018-09-01,480.0,420.0,390.0,1260.0,2018,9,1290.0
South Atlantic,2018-09-01,29370.0,11910.0,34050.0,75420.0,2018,9,75330.0
West North Central,2018-09-01,8700.0,7500.0,8250.0,24420.0,2018,9,24450.0
West South Central,2018-09-01,18600.0,15480.0,22170.0,56250.0,2018,9,56250.0
East North Central,2018-10-01,15376.0,15562.0,13113.0,44113.0,2018,10,44051.0
East South Central,2018-10-01,7998.0,8308.0,9021.0,25296.0,2018,10,25327.0
Middle Atlantic,2018-10-01,12958.0,5921.0,9672.0,28861.0,2018,10,28551.0
Mountain,2018-10-01,7998.0,6758.0,6727.0,21483.0,2018,10,21483.0
New England,2018-10-01,4216.0,1395.0,3286.0,8990.0,2018,10,8897.0
Pacific Contiguous,2018-10-01,14260.0,7564.0,11098.0,32984.0,2018,10,32922.0
Pacific Noncontiguous,2018-10-01,496.0,434.0,403.0,1333.0,2018,10,1333.0
South Atlantic,2018-10-01,26443.0,11966.0,28613.0,67146.0,2018,10,67022.0
West North Central,2018-10-01,8308.0,7440.0,7068.0,22847.0,2018,10,22816.0
West South Central,2018-10-01,17825.0,15686.0,17639.0,51150.0,2018,10,51150.0
East North Central,2018-11-01,14190.0,14940.0,14550.0,43710.0,2018,11,43680.0
East South Central,2018-11-01,6990.0,7890.0,8550.0,23400.0,2018,11,23430.0
Middle Atlantic,2018-11-01,12000.0,5730.0,9690.0,27720.0,2018,11,27420.0
Mountain,2018-11-01,7410.0,6690.0,6690.0,20820.0,2018,11,20790.0
New England,2018-11-01,4050.0,1290.0,3660.0,9060.0,2018,11,9000.0
Pacific Contiguous,2018-11-01,11850.0,6810.0,10590.0,29310.0,2018,11,29250.0
Pacific Noncontiguous,2018-11-01,480.0,420.0,390.0,1290.0,2018,11,1290.0
South Atlantic,2018-11-01,24630.0,11280.0,26820.0,62850.0,2018,11,62730.0
West North Central,2018-11-01,8190.0,7320.0,8100.0,23610.0,2018,11,23610.0
West South Central,2018-11-01,14850.0,14580.0,14370.0,43800.0,2018,11,43800.0
East North Central,2018-12-01,14942.0,14849.0,16740.0,46593.0,2018,12,46531.0
East South Central,2018-12-01,7099.0,7812.0,10664.0,25575.0,2018,12,25575.0
Middle Atlantic,2018-12-01,12772.0,6324.0,11687.0,31124.0,2018,12,30783.0
Mountain,2018-12-01,7750.0,6727.0,8184.0,22661.0,2018,12,22661.0
New England,2018-12-01,4185.0,1302.0,4123.0,9641.0,2018,12,9610.0
Pacific Contiguous,2018-12-01,12803.0,6417.0,12958.0,32271.0,2018,12,32178.0
Pacific Noncontiguous,2018-12-01,465.0,403.0,403.0,1302.0,2018,12,1271.0
South Atlantic,2018-12-01,24211.0,10788.0,30938.0,66030.0,2018,12,65937.0
West North Central,2018-12-01,8525.0,7192.0,9827.0,25544.0,2018,12,25544.0
West South Central,2018-12-01,14880.0,14415.0,17081.0,46407.0,2018,12,46376.0
East North Central,2019-01-01,15531.0,15314.0,18383.0,49290.0,2019,1,49228.0
East South Central,2019-01-01,7316.0,8029.0,11408.0,26753.0,2019,1,26753.0
Middle Atlantic,2019-01-01,13361.0,6045.0,12648.0,32364.0,2019,1,32054.0
Mountain,2019-01-01,7812.0,6572.0,8432.0,22847.0,2019,1,22816.0
New England,2019-01-01,4495.0,1302.0,4526.0,10385.0,2019,1,10323.0
Pacific Contiguous,2019-01-01,13175.0,6603.0,14384.0,34224.0,2019,1,34162.0
Pacific Noncontiguous,2019-01-01,496.0,372.0,434.0,1302.0,2019,1,1302.0
South Atlantic,2019-01-01,25327.0,11439.0,32922.0,69781.0,2019,1,69688.0
West North Central,2019-01-01,8835.0,7285.0,10757.0,26877.0,2019,1,26877.0
West South Central,2019-01-01,15283.0,15066.0,19065.0,49445.0,2019,1,49414.0
East North Central,2019-02-01,14028.0,14196.0,15932.0,44212.0,2019,2,44156.0
East South Central,2019-02-01,6776.0,7504.0,9968.0,24248.0,2019,2,24248.0
Middle Atlantic,2019-02-01,12628.0,5768.0,11592.0,30324.0,2019,2,29988.0
Mountain,2019-02-01,7252.0,6076.0,7560.0,20916.0,2019,2,20888.0
New England,2019-02-01,4004.0,1120.0,3948.0,9128.0,2019,2,9072.0
Pacific Contiguous,2019-02-01,11816.0,6020.0,12180.0,30100.0,2019,2,30016.0
Pacific Noncontiguous,2019-02-01,448.0,336.0,364.0,1148.0,2019,2,1148.0
South Atlantic,2019-02-01,22400.0,10248.0,28140.0,60900.0,2019,2,60788.0
West North Central,2019-02-01,8288.0,6692.0,9940.0,24920.0,2019,2,24920.0
West South Central,2019-02-01,15064.0,14392.0,16716.0,46200.0,2019,2,46172.0
East North Central,2019-03-01,14973.0,15562.0,15066.0,45632.0,2019,3,45601.0
East South Central,2019-03-01,6851.0,7843.0,8525.0,23219.0,2019,3,23219.0
Middle Atlantic,2019-03-01,12617.0,5859.0,10974.0,29791.0,2019,3,29450.0
Mountain,2019-03-01,7657.0,6417.0,7068.0,21173.0,2019,3,21142.0
New England,2019-03-01,4061.0,1271.0,3937.0,9331.0,2019,3,9269.0
Pacific Contiguous,2019-03-01,13485.0,6572.0,13330.0,33449.0,2019,3,33387.0
Pacific Noncontiguous,2019-03-01,465.0,403.0,403.0,1271.0,2019,3,1271.0
South Atlantic,2019-03-01,24614.0,11439.0,27094.0,63271.0,2019,3,63147.0
West North Central,2019-03-01,8556.0,7316.0,8990.0,24862.0,2019,3,24862.0
West South Central,2019-03-01,14787.0,14136.0,14415.0,43338.0,2019,3,43338.0
East North Central,2019-04-01,13560.0,14700.0,12150.0,40470.0,2019,4,40410.0
East South Central,2019-04-01,6930.0,7800.0,7590.0,22320.0,2019,4,22320.0
Middle Atlantic,2019-04-01,11730.0,5790.0,8820.0,26670.0,2019,4,26340.0
Mountain,2019-04-01,7530.0,6570.0,6480.0,20580.0,2019,4,20580.0
New England,2019-04-01,3900.0,1290.0,3360.0,8580.0,2019,4,8550.0
Pacific Contiguous,2019-04-01,12780.0,6510.0,9780.0,29130.0,2019,4,29070.0
Pacific Noncontiguous,2019-04-01,480.0,390.0,360.0,1230.0,2019,4,1230.0
South Atlantic,2019-04-01,23730.0,11010.0,23430.0,58260.0,2019,4,58170.0
West North Central,2019-04-01,7710.0,7080.0,6960.0,21750.0,2019,4,21750.0
West South Central,2019-04-01,14790.0,14400.0,13620.0,42840.0,2019,4,42810.0
East North Central,2019-05-01,14973.0,16182.0,12214.0,43431.0,2019,5,43369.0
East South Central,2019-05-01,7502.0,8153.0,7657.0,23281.0,2019,5,23312.0
Middle Atlantic,2019-05-01,11873.0,6014.0,8463.0,26660.0,2019,5,26350.0
Mountain,2019-05-01,8215.0,7099.0,7502.0,22816.0,2019,5,22816.0
New England,2019-05-01,3999.0,1395.0,3038.0,8463.0,2019,5,8432.0
Pacific Contiguous,2019-05-01,12586.0,7130.0,10292.0,30070.0,2019,5,30008.0
Pacific Noncontiguous,2019-05-01,465.0,403.0,341.0,1209.0,2019,5,1209.0
South Atlantic,2019-05-01,26350.0,12090.0,25079.0,63643.0,2019,5,63519.0
West North Central,2019-05-01,8246.0,7626.0,6603.0,22475.0,2019,5,22475.0
West South Central,2019-05-01,16151.0,15624.0,15438.0,47244.0,2019,5,47213.0
East North Central,2019-06-01,15870.0,16140.0,15750.0,47790.0,2019,6,47760.0
East South Central,2019-06-01,8310.0,8040.0,10080.0,26430.0,2019,6,26430.0
Middle Atlantic,2019-06-01,13260.0,5820.0,10950.0,30330.0,2019,6,30030.0
Mountain,2019-06-01,8640.0,7440.0,9480.0,25590.0,2019,6,25560.0
New England,2019-06-01,4470.0,1290.0,3720.0,9510.0,2019,6,9480.0
Pacific Contiguous,2019-06-01,13410.0,7590.0,10470.0,31560.0,2019,6,31470.0
Pacific Noncontiguous,2019-06-01,450.0,420.0,360.0,1230.0,2019,6,1230.0
South Atlantic,2019-06-01,27990.0,11730.0,32250.0,72090.0,2019,6,71970.0
West North Central,2019-06-01,8820.0,7560.0,8550.0,24930.0,2019,6,24930.0
West South Central,2019-06-01,17910.0,15570.0,20460.0,53970.0,2019,6,53940.0
East North Central,2019-07-01,17391.0,16120.0,19871.0,53444.0,2019,7,53382.0
East South Central,2019-07-01,9083.0,8308.0,12090.0,29481.0,2019,7,29481.0
Middle Atlantic,2019-07-01,14570.0,6448.0,14074.0,35402.0,2019,7,35092.0
Mountain,2019-07-01,9610.0,8091.0,11656.0,29357.0,2019,7,29357.0
New England,2019-07-01,4774.0,1364.0,4681.0,10881.0,2019,7,10819.0
Pacific Contiguous,2019-07-01,14477.0,7998.0,12865.0,35433.0,2019,7,35340.0
Pacific Noncontiguous,2019-07-01,496.0,434.0,372.0,1302.0,2019,7,1302.0
South Atlantic,2019-07-01,30132.0,12276.0,38006.0,80538.0,2019,7,80414.0
West North Central,2019-07-01,9796.0,8029.0,10416.0,28241.0,2019,7,28241.0
West South Central,2019-07-01,19406.0,16027.0,23746.0,59210.0,2019,7,59179.0
East North Central,2019-08-01,17422.0,17050.0,18228.0,52731.0,2019,8,52700.0
East South Central,2019-08-01,9300.0,9858.0,12245.0,31434.0,2019,8,31403.0
Middle Atlantic,2019-08-01,14446.0,6727.0,13175.0,34658.0,2019,8,34348.0
Mountain,2019-08-01,9889.0,7998.0,11563.0,29450.0,2019,8,29450.0
New England,2019-08-01,4836.0,1550.0,4402.0,10819.0,2019,8,10788.0
Pacific Contiguous,2019-08-01,15810.0,8432.0,15004.0,39308.0,2019,8,39246.0
Pacific Noncontiguous,2019-08-01,496.0,434.0,403.0,1333.0,2019,8,1333.0
South Atlantic,2019-08-01,30287.0,12431.0,37107.0,79980.0,2019,8,79825.0
West North Central,2019-08-01,9951.0,8339.0,10323.0,28613.0,2019,8,28613.0
West South Central,2019-08-01,20274.0,16709.0,25296.0,62279.0,2019,8,62279.0
East North Central,2019-09-01,15390.0,15360.0,14490.0,45300.0,2019,9,45240.0
East South Central,2019-09-01,8430.0,8100.0,10560.0,27060.0,2019,9,27090.0
Middle Atlantic,2019-09-01,13440.0,6480.0,11400.0,31620.0,2019,9,31320.0
Mountain,2019-09-01,8670.0,7440.0,9000.0,25110.0,2019,9,25110.0
New England,2019-09-01,4410.0,1320.0,3840.0,9600.0,2019,9,9570.0
Pacific Contiguous,2019-09-01,12270.0,7290.0,10050.0,29670.0,2019,9,29610.0
Pacific Noncontiguous,2019-09-01,450.0,420.0,390.0,1260.0,2019,9,1260.0
South Atlantic,2019-09-01,27720.0,11640.0,30450.0,69930.0,2019,9,69810.0
West North Central,2019-09-01,8610.0,7590.0,8010.0,24210.0,2019,9,24210.0
West South Central,2019-09-01,18720.0,15660.0,21960.0,56370.0,2019,9,56340.0
East North Central,2019-10-01,15345.0,15500.0,12927.0,43803.0,2019,10,43772.0
East South Central,2019-10-01,7812.0,8246.0,8401.0,24459.0,2019,10,24459.0
Middle Atlantic,2019-10-01,12741.0,5921.0,9424.0,28396.0,2019,10,28086.0
Mountain,2019-10-01,8122.0,6882.0,6789.0,21762.0,2019,10,21793.0
New England,2019-10-01,4216.0,1364.0,3286.0,8897.0,2019,10,8866.0
Pacific Contiguous,2019-10-01,14260.0,7595.0,11036.0,32953.0,2019,10,32891.0
Pacific Noncontiguous,2019-10-01,496.0,434.0,403.0,1302.0,2019,10,1333.0
South Atlantic,2019-10-01,25823.0,11749.0,26753.0,64449.0,2019,10,64325.0
West North Central,2019-10-01,8339.0,7564.0,6975.0,22847.0,2019,10,22878.0
West South Central,2019-10-01,18042.0,15903.0,17577.0,51522.0,2019,10,51522.0
East North Central,2019-11-01,13920.0,14820.0,13680.0,42480.0,2019,11,42420.0
East South Central,2019-11-01,6870.0,7800.0,7980.0,22650.0,2019,11,22650.0
Middle Atlantic,2019-11-01,11820.0,5730.0,9390.0,27210.0,2019,11,26940.0
Mountain,2019-11-01,7500.0,6810.0,6750.0,21060.0,2019,11,21060.0
New England,2019-11-01,3990.0,1290.0,3540.0,8850.0,2019,11,8820.0
Pacific Contiguous,2019-11-01,11880.0,6810.0,10740.0,29520.0,2019,11,29430.0
Pacific Noncontiguous,2019-11-01,480.0,420.0,390.0,1260.0,2019,11,1290.0
South Atlantic,2019-11-01,23970.0,11040.0,25290.0,60390.0,2019,11,60300.0
West North Central,2019-11-01,8070.0,7440.0,7560.0,23070.0,2019,11,23070.0
West South Central,2019-11-01,14880.0,14700.0,13830.0,43440.0,2019,11,43410.0
East North Central,2019-12-01,15128.0,14632.0,16833.0,46624.0,2019,12,46593.0
East South Central,2019-12-01,7130.0,7688.0,10385.0,25234.0,2019,12,25203.0
Middle Atlantic,2019-12-01,12617.0,6293.0,11563.0,30783.0,2019,12,30473.0
Mountain,2019-12-01,7843.0,6820.0,8308.0,22971.0,2019,12,22971.0
New England,2019-12-01,4092.0,1302.0,4030.0,9486.0,2019,12,9424.0
Pacific Contiguous,2019-12-01,12803.0,6386.0,13237.0,32488.0,2019,12,32426.0
Pacific Noncontiguous,2019-12-01,465.0,403.0,403.0,1271.0,2019,12,1271.0
South Atlantic,2019-12-01,24521.0,10478.0,30659.0,65782.0,2019,12,65658.0
West North Central,2019-12-01,8680.0,7254.0,9951.0,25885.0,2019,12,25885.0
West South Central,2019-12-01,15190.0,14446.0,17050.0,46686.0,2019,12,46686.0
East North Central,2020-01-01,15469.0,15252.0,18290.0,49073.0,2020,1,49011.0
East South Central,2020-01-01,7409.0,7936.0,12028.0,27342.0,2020,1,27373.0
Middle Atlantic,2020-01-01,13237.0,6014.0,12710.0,32271.0,2020,1,31961.0
Mountain,2020-01-01,7874.0,6665.0,8556.0,23095.0,2020,1,23095.0
New England,2020-01-01,4433.0,1302.0,4557.0,10323.0,2020,1,10292.0
Pacific Contiguous,2020-01-01,13206.0,6603.0,14663.0,34534.0,2020,1,34472.0
Pacific Noncontiguous,2020-01-01,496.0,372.0,434.0,1302.0,2020,1,1302.0
South Atlantic,2020-01-01,25482.0,11160.0,34410.0,71176.0,2020,1,71052.0
West North Central,2020-01-01,8835.0,7409.0,10881.0,27125.0,2020,1,27125.0
West South Central,2020-01-01,15655.0,15221.0,19623.0,50499.0,2020,1,50499.0
East North Central,2020-02-01,14500.0,14674.0,16269.0,45501.0,2020,2,45443.0
East South Central,2020-02-01,7163.0,7685.0,11223.0,26042.0,2020,2,26071.0
Middle Atlantic,2020-02-01,12934.0,5974.0,12035.0,31291.0,2020,2,30943.0
Mountain,2020-02-01,7511.0,6380.0,7627.0,21547.0,2020,2,21518.0
New England,2020-02-01,4060.0,1131.0,4118.0,9367.0,2020,2,9309.0
Pacific Contiguous,2020-02-01,12122.0,6235.0,11977.0,30421.0,2020,2,30334.0
Pacific Noncontiguous,2020-02-01,435.0,348.0,377.0,1160.0,2020,2,1160.0
South Atlantic,2020-02-01,23374.0,10440.0,30595.0,64496.0,2020,2,64409.0
West North Central,2020-02-01,8439.0,7076.0,9628.0,25143.0,2020,2,25143.0
West South Central,2020-02-01,15979.0,15167.0,17719.0,48894.0,2020,2,48865.0
East North Central,2020-03-01,14818.0,15500.0,14601.0,44950.0,2020,3,44919.0
East South Central,2020-03-01,6882.0,7719.0,8742.0,23374.0,2020,3,23343.0
Middle Atlantic,2020-03-01,12493.0,5859.0,10881.0,29543.0,2020,3,29233.0
Mountain,2020-03-01,7781.0,6510.0,6975.0,21266.0,2020,3,21266.0
New England,2020-03-01,3968.0,1240.0,3906.0,9176.0,2020,3,9114.0
Pacific Contiguous,2020-03-01,13640.0,6572.0,12741.0,33046.0,2020,3,32953.0
Pacific Noncontiguous,2020-03-01,465.0,403.0,403.0,1271.0,2020,3,1271.0
South Atlantic,2020-03-01,24242.0,11222.0,27404.0,62992.0,2020,3,62868.0
West North Central,2020-03-01,8525.0,7471.0,8463.0,24459.0,2020,3,24459.0
West South Central,2020-03-01,15035.0,14415.0,14415.0,43865.0,2020,3,43865.0
East North Central,2020-04-01,13620.0,14610.0,12180.0,40470.0,2020,4,40410.0
East South Central,2020-04-01,6960.0,7680.0,7440.0,22080.0,2020,4,22080.0
Middle Atlantic,2020-04-01,11640.0,5790.0,9000.0,26730.0,2020,4,26430.0
Mountain,2020-04-01,7620.0,6660.0,6600.0,20850.0,2020,4,20880.0
New England,2020-04-01,3780.0,1260.0,3390.0,8490.0,2020,4,8430.0
Pacific Contiguous,2020-04-01,12930.0,6510.0,9990.0,29520.0,2020,4,29430.0
Pacific Noncontiguous,2020-04-01,450.0,390.0,360.0,1230.0,2020,4,1200.0
South Atlantic,2020-04-01,23550.0,10770.0,22890.0,57330.0,2020,4,57210.0
West North Central,2020-04-01,7770.0,7200.0,6930.0,21900.0,2020,4,21900.0
West South Central,2020-04-01,14880.0,14610.0,13290.0,42810.0,2020,4,42780.0
East North Central,2020-05-01,15004.0,16027.0,12369.0,43462.0,2020,5,43400.0
East South Central,2020-05-01,7564.0,7998.0,7750.0,23312.0,2020,5,23312.0
Middle Atlantic,2020-05-01,11811.0,6014.0,8680.0,26784.0,2020,5,26505.0
Mountain,2020-05-01,8277.0,7161.0,7657.0,23095.0,2020,5,23095.0
New England,2020-05-01,3875.0,1364.0,3100.0,8401.0,2020,5,8339.0
Pacific Contiguous,2020-05-01,12524.0,7161.0,10509.0,30256.0,2020,5,30194.0
Pacific Noncontiguous,2020-05-01,465.0,403.0,341.0,1209.0,2020,5,1209.0
South Atlantic,2020-05-01,26257.0,11842.0,25172.0,63364.0,2020,5,63271.0
West North Central,2020-05-01,8308.0,7719.0,6696.0,22754.0,2020,5,22723.0
West South Central,2020-05-01,16523.0,15841.0,15655.0,48019.0,2020,5,48019.0
East North Central,2020-06-01,15930.0,15960.0,15930.0,47880.0,2020,6,47820.0
East South Central,2020-06-01,8400.0,7890.0,10260.0,26550.0,2020,6,26550.0
Middle Atlantic,2020-06-01,13140.0,5790.0,10920.0,30150.0,2020,6,29850.0
Mountain,2020-06-01,8730.0,7500.0,9600.0,25830.0,2020,6,25830.0
New England,2020-06-01,4290.0,1290.0,3720.0,9330.0,2020,6,9300.0
Pacific Contiguous,2020-06-01,13410.0,7620.0,10530.0,31650.0,2020,6,31560.0
Pacific Noncontiguous,2020-06-01,450.0,420.0,360.0,1230.0,2020,6,1230.0
South Atlantic,2020-06-01,28080.0,11490.0,32580.0,72270.0,2020,6,72150.0
West North Central,2020-06-01,8910.0,7650.0,8730.0,25320.0,2020,6,25290.0
West South Central,2020-06-01,18420.0,15780.0,21270.0,55500.0,2020,6,55470.0
East North Central,2020-07-01,17484.0,15934.0,20274.0,53754.0,2020,7,53692.0
East South Central,2020-07-01,9207.0,8122.0,12431.0,29760.0,2020,7,29760.0
Middle Atlantic,2020-07-01,14415.0,6417.0,13919.0,35061.0,2020,7,34751.0
Mountain,2020-07-01,9703.0,8122.0,11780.0,29636.0,2020,7,29605.0
New England,2020-07-01,4588.0,1364.0,4588.0,10571.0,2020,7,10540.0
Pacific Contiguous,2020-07-01,14446.0,8029.0,12834.0,35402.0,2020,7,35309.0
Pacific Noncontiguous,2020-07-01,465.0,434.0,372.0,1302.0,2020,7,1271.0
South Atlantic,2020-07-01,30256.0,11997.0,38626.0,80972.0,2020,7,80879.0
West North Central,2020-07-01,9920.0,8122.0,10726.0,28768.0,2020,7,28768.0
West South Central,2020-07-01,19933.0,16244.0,24614.0,60791.0,2020,7,60791.0
East North Central,2020-08-01,17422.0,16864.0,18321.0,52638.0,2020,8,52607.0
East South Central,2020-08-01,9362.0,9641.0,12462.0,31465.0,2020,8,31465.0
Middle Atlantic,2020-08-01,14322.0,6696.0,13144.0,34472.0,2020,8,34162.0
Mountain,2020-08-01,9982.0,8029.0,11718.0,29729.0,2020,8,29729.0
New England,2020-08-01,4681.0,1519.0,4402.0,10664.0,2020,8,10602.0
Pacific Contiguous,2020-08-01,15779.0,8463.0,14973.0,39308.0,2020,8,39215.0
Pacific Noncontiguous,2020-08-01,496.0,434.0,372.0,1302.0,2020,8,1302.0
South Atlantic,2020-08-01,30349.0,12121.0,37541.0,80135.0,2020,8,80011.0
West North Central,2020-08-01,10013.0,8401.0,10447.0,28861.0,2020,8,28861.0
West South Central,2020-08-01,20708.0,16926.0,25885.0,63519.0,2020,8,63519.0
East North Central,2020-09-01,15390.0,15150.0,14520.0,45120.0,2020,9,45060.0
East South Central,2020-09-01,8460.0,7920.0,10590.0,26940.0,2020,9,26970.0
Middle Atlantic,2020-09-01,13350.0,6450.0,11430.0,31530.0,2020,9,31230.0
Mountain,2020-09-01,8760.0,7470.0,9120.0,25350.0,2020,9,25350.0
New England,2020-09-01,4230.0,1320.0,3840.0,9450.0,2020,9,9390.0
Pacific Contiguous,2020-09-01,12270.0,7320.0,10080.0,29760.0,2020,9,29670.0
Pacific Noncontiguous,2020-09-01,450.0,420.0,390.0,1260.0,2020,9,1260.0
South Atlantic,2020-09-01,27750.0,11340.0,30720.0,69960.0,2020,9,69810.0
West North Central,2020-09-01,8670.0,7650.0,8070.0,24390.0,2020,9,24390.0
West South Central,2020-09-01,19080.0,15840.0,22320.0,57270.0,2020,9,57240.0
East North Central,2020-10-01,15345.0,15283.0,12958.0,43617.0,2020,10,43586.0
East South Central,2020-10-01,7843.0,8060.0,8432.0,24335.0,2020,10,24335.0
Middle Atlantic,2020-10-01,12648.0,5890.0,9424.0,28272.0,2020,10,27962.0
Mountain,2020-10-01,8184.0,6913.0,6851.0,21948.0,2020,10,21948.0
New England,2020-10-01,4061.0,1364.0,3286.0,8773.0,2020,10,8711.0
Pacific Contiguous,2020-10-01,14260.0,7626.0,11098.0,33077.0,2020,10,32984.0
Pacific Noncontiguous,2020-10-01,465.0,434.0,403.0,1302.0,2020,10,1302.0
South Atlantic,2020-10-01,25885.0,11408.0,26970.0,64387.0,2020,10,64263.0
West North Central,2020-10-01,8370.0,7626.0,7006.0,23002.0,2020,10,23002.0
West South Central,2020-10-01,18383.0,16058.0,17856.0,52328.0,2020,10,52297.0
East North Central,2020-11-01,13920.0,14610.0,13740.0,42300.0,2020,11,42270.0
East South Central,2020-11-01,6900.0,7590.0,8010.0,22500.0,2020,11,22500.0
Middle Atlantic,2020-11-01,11760.0,5670.0,9390.0,27120.0,2020,11,26820.0
Mountain,2020-11-01,7560.0,6840.0,6810.0,21240.0,2020,11,21210.0
New England,2020-11-01,3840.0,1260.0,3540.0,8700.0,2020,11,8640.0
Pacific Contiguous,2020-11-01,11880.0,6840.0,10800.0,29580.0,2020,11,29520.0
Pacific Noncontiguous,2020-11-01,450.0,420.0,390.0,1260.0,2020,11,1260.0
South Atlantic,2020-11-01,24000.0,10710.0,25500.0,60300.0,2020,11,60210.0
West North Central,2020-11-01,8100.0,7470.0,7620.0,23220.0,2020,11,23190.0
West South Central,2020-11-01,15150.0,14850.0,14040.0,44070.0,2020,11,44040.0
East North Central,2020-12-01,15097.0,14415.0,16895.0,46438.0,2020,12,46407.0
East South Central,2020-12-01,7161.0,7502.0,10416.0,25048.0,2020,12,25079.0
Middle Atlantic,2020-12-01,12524.0,6231.0,11563.0,30659.0,2020,12,30318.0
Mountain,2020-12-01,7905.0,6851.0,8401.0,23157.0,2020,12,23157.0
New England,2020-12-01,3937.0,1302.0,4061.0,9331.0,2020,12,9300.0
Pacific Contiguous,2020-12-01,12803.0,6417.0,13268.0,32581.0,2020,12,32488.0
Pacific Noncontiguous,2020-12-01,465.0,403.0,403.0,1271.0,2020,12,1271.0
South Atlantic,2020-12-01,24552.0,10168.0,30907.0,65720.0,2020,12,65627.0
West North Central,2020-12-01,8742.0,7316.0,10044.0,26071.0,2020,12,26102.0
West South Central,2020-12-01,15469.0,14601.0,17298.0,47399.0,2020,12,47368.0
